{
"lengthUnit": "mil",
"components": {
	"fields": ["COMPONENT_NO", "COMPONENT_NAME", "LAYER", "X_COORDINATE", "Y_COORDINATE", "ANGLE"],
	"rows": [
		[1, "CN1", "B", -235, -10, 270],
		[2, "PRENULL1", "T", 0, -100, 270],
		[3, "U1", "T", 0, 300, 270],
		[4, "PAD1", "T", -551.18, 0, 0],
		[5, "PAD1", "B", -551.18, 0, 0],
		[6, "PAD2", "T", 551.18, 0, 0],
		[7, "PAD2", "B", 551.18, 0, 0]
	]
},
"pins": {
	"fields": ["PIN_NO", "PIN_NAME", "PIN_X", "PIN_Y", "LAYER", "PIN_TYPE", "NET_NAME", "NET_TYPE", "PAD_SHAPE", "PAD_SIZEX", "PAD_SIZEY", "HOLE_SIZE", "PAD_ANGLE"],
	"rows": [
		[1, "CN1_1", -235, 137.64, "T", "DIP", "VCC", "", "R", 60, 62.99, 43.31, 270],
		[2, "CN1_1", -235, 137.64, "B", "DIP", "VCC", "", "R", 60, 62.99, 43.31, 270],
		[3, "CN1_2", -235, 39.21, "T", "DIP", "DNI", "", "C", 62.99, 62.99, 43.31, 270],
		[4, "CN1_2", -235, 39.21, "B", "DIP", "DNI", "", "C", 62.99, 62.99, 43.31, 270],
		[5, "CN1_3", -235, -59.21, "T", "DIP", "DPI", "", "C", 62.99, 62.99, 43.31, 270],
		[6, "CN1_3", -235, -59.21, "B", "DIP", "DPI", "", "C", 62.99, 62.99, 43.31, 270],
		[7, "CN1_4", -235, -157.64, "T", "DIP", "GND", "GND", "C", 62.99, 62.99, 43.31, 270],
		[8, "CN1_4", -235, -157.64, "B", "DIP", "GND", "GND", "C", 62.99, 62.99, 43.31, 270],
		[9, "PRENULL1_1", 0, -100, "T", "DIP", "DNI", "", "R", 59.06, 59.06, 39.37, 270],
		[10, "PRENULL1_1", 0, -100, "B", "DIP", "DNI", "", "R", 59.06, 59.06, 39.37, 270],
		[11, "PRENULL1_2", 0, -200, "T", "DIP", "PRENULL1_2", "", "C", 59.06, 59.06, 39.37, 270],
		[12, "PRENULL1_2", 0, -200, "B", "DIP", "PRENULL1_2", "", "C", 59.06, 59.06, 39.37, 270],
		[13, "PRENULL1_3", 0, -300, "T", "DIP", "PRENULL1_3", "", "C", 59.06, 59.06, 39.37, 270],
		[14, "PRENULL1_3", 0, -300, "B", "DIP", "PRENULL1_3", "", "C", 59.06, 59.06, 39.37, 270],
		[15, "PRENULL1_4", 0, -400, "T", "DIP", "DPI", "", "C", 59.06, 59.06, 39.37, 270],
		[16, "PRENULL1_4", 0, -400, "B", "DIP", "DPI", "", "C", 59.06, 59.06, 39.37, 270],
		[17, "U1_1", 0, 300, "T", "DIP", "VCC", "", "R", 59.06, 59.06, 39.37, 270],
		[18, "U1_1", 0, 300, "B", "DIP", "VCC", "", "R", 59.06, 59.06, 39.37, 270],
		[19, "U1_2", 0, 200, "T", "DIP", "VCC", "", "C", 59.06, 59.06, 39.37, 270],
		[20, "U1_2", 0, 200, "B", "DIP", "VCC", "", "C", 59.06, 59.06, 39.37, 270],
		[21, "U1_3", 0, 100, "T", "DIP", "GND", "GND", "C", 59.06, 59.06, 39.37, 270],
		[22, "U1_3", 0, 100, "B", "DIP", "GND", "GND", "C", 59.06, 59.06, 39.37, 270],
		[23, "U1_4", 0, 0, "T", "DIP", "GND", "GND", "C", 59.06, 59.06, 39.37, 270],
		[24, "U1_4", 0, 0, "B", "DIP", "GND", "GND", "C", 59.06, 59.06, 39.37, 270],
		[25, "PAD1_2", -551.18, 0, "T", "DIP", "GND", "GND", "C", 133.86, 133.86, 125.98, 0],
		[26, "PAD1_2", -551.18, 0, "B", "DIP", "GND", "GND", "C", 133.86, 133.86, 125.98, 0],
		[27, "PAD2_1", 551.18, 0, "T", "DIP", "GND", "GND", "C", 133.86, 133.86, 125.98, 0],
		[28, "PAD2_1", 551.18, 0, "B", "DIP", "GND", "GND", "C", 133.86, 133.86, 125.98, 0]
	]
}
}